{"variables":[],"info":{"name":"Laravel API","_postman_id":"560850de-4d8c-481e-b22f-de3542dfbf2e","description":"","schema":"https:\/\/schema.getpostman.com\/json\/collection\/v2.0.0\/collection.json"},"item":[{"name":"APIs Alexa","description":"","item":[{"name":"Autenticaci\u00f3n del usuario.","request":{"url":"http:\/\/localhost\/api\/alexa\/user\/{nombre}\/{contrasena}?alias_name=kevin&user_password=abcd","method":"GET","header":[{"key":"Accept","value":"application\/json"}],"body":{"mode":"formdata","formdata":[{"key":"nombreUsuario","value":"kevin","type":"text","enabled":true},{"key":"contrase\u00f1a","value":"abcd","type":"text","enabled":true}]},"description":"Validaci\u00f3n del usuario registrado. Table: al_user","response":[]}},{"name":"Reconocimiento del usuario.","request":{"url":"http:\/\/localhost\/api\/alexa\/user\/{nombre}?alias_name=kevin","method":"GET","header":[{"key":"Accept","value":"application\/json"}],"body":{"mode":"formdata","formdata":[{"key":"nombreUsuario","value":"kevin","type":"text","enabled":true}]},"description":"Solicitud del nombre del usuario, bienvenida. Table: al_user","response":[]}},{"name":"\u00c1reas.","request":{"url":"http:\/\/localhost\/api\/alexa\/areas?ninguno=nihil","method":"GET","header":[{"key":"Accept","value":"application\/json"}],"body":{"mode":"formdata","formdata":[{"key":"ninguno","value":"sit","type":"text","enabled":true}]},"description":"Todas las \u00e1reas registradas.","response":[]}},{"name":"Factor.","request":{"url":"http:\/\/localhost\/api\/alexa\/area\/{description}?description=area+financiera","method":"GET","header":[{"key":"Accept","value":"application\/json"}],"body":{"mode":"formdata","formdata":[{"key":"nombreArea","value":"area financiera","type":"text","enabled":true}]},"description":"Todos los factors registrados mediante el \u00e1rea. Table: al_factor inner al_area","response":[]}},{"name":"Indicadores.","request":{"url":"http:\/\/localhost\/api\/alexa\/indicadores\/{nombreFactor}?factor=liquidez","method":"GET","header":[{"key":"Accept","value":"application\/json"}],"body":{"mode":"formdata","formdata":[{"key":"nombreFactor","value":"liquidez","type":"text","enabled":true}]},"description":"Todos los indicadores registrados seg\u00fan el factor. Table: al_indicators inner al_factor","response":[]}},{"name":"Monto Actual A\u00f1o.","request":{"url":"http:\/\/localhost\/api\/alexa\/monthly\/{anio}\/{nombreIndicador}?name=liquidez+corriente&year=2019","method":"GET","header":[{"key":"Accept","value":"application\/json"}],"body":{"mode":"formdata","formdata":[{"key":"nombreIndicador","value":"liquidez corriente","type":"text","enabled":true},{"key":"a\u00f1o","value":"2019","type":"text","enabled":true}]},"description":"C\u00e1lculo del monto actual respecto al A\u00f1o. Table: al_indicators_years","response":[]}},{"name":"Monto Actual Mes.","request":{"url":"http:\/\/localhost\/api\/alexa\/monthly\/{mes}\/{anio}\/{nombreIndicador}?month=enero&name=liquidez+corriente&year=2019","method":"GET","header":[{"key":"Accept","value":"application\/json"}],"body":{"mode":"formdata","formdata":[{"key":"mes","value":"enero","type":"text","enabled":true},{"key":"nombreIndicador","value":"liquidez corriente","type":"text","enabled":true},{"key":"a\u00f1o","value":2019,"type":"text","enabled":true}]},"description":"C\u00e1lculo del monto actual respecto al Mes. Table: al_indicators_years","response":[]}},{"name":"Token Insert.","request":{"url":"http:\/\/localhost\/api\/alexa\/tokenInsert\/{indicador}\/{mes}\/{anio}\/{tokenEncrpt}?nombre_indicador=liquidez+corriente&month=agosto&year=2019&token=vel","method":"GET","header":[{"key":"Accept","value":"application\/json"}],"body":{"mode":"formdata","formdata":[{"key":"nombreIndicador","value":"liquidez corriente","type":"text","enabled":true},{"key":"mes","value":"liquidez corriente","type":"text","enabled":true},{"key":"a\u00f1o","value":2019,"type":"text","enabled":true},{"key":"token","value":"fTUsnJgJgOBx+UcV9um73t2ImqqOLctq4HT7Eh+0Z0Q0rhTHzlmxdsjXMGNj8PNV574UFBfZ0Z5woBTWA8G6ulvDmC9OhwmxvhvOQuUUxCmA9RYOCeiRScnpKB4agATj","type":"text","enabled":true}]},"description":"Insertar token.\nGuardar el token , usuario, indicador consultado en la tabla al_token_user.","response":[]}},{"name":"Validacion Usuario Token Web.\n\nDesencriptar el toquen verificar segun el usuario, determinar el limite de visualizaci\u00f3n de la p\u00e1gina web.","request":{"url":"http:\/\/localhost\/api\/alexa\/validateTokenUser\/{token}\/{idUser}?token=accusantium","method":"GET","header":[{"key":"Accept","value":"application\/json"}],"body":{"mode":"formdata","formdata":[{"key":"token","value":"error","type":"text","enabled":true}]},"description":"","response":[]}},{"name":"Configuraci\u00f3n.","request":{"url":"http:\/\/localhost\/api\/alexa\/configuration\/{id_org}?id_org=1","method":"GET","header":[{"key":"Accept","value":"application\/json"}],"body":{"mode":"formdata","formdata":[{"key":"Id_Organizaci\u00f3n","value":"1","type":"text","enabled":true}]},"description":"Configuraci\u00f3n del usuario y organizaci\u00f3n.\nUtilidad: Determinar la organizaci\u00f3n del usuario.","response":[]}},{"name":"Comparaci\u00f3n.","request":{"url":"http:\/\/localhost\/api\/alexa\/comparation\/{nombreIndicador}?indicador=liquidez+corriente","method":"GET","header":[{"key":"Accept","value":"application\/json"}],"body":{"mode":"formdata","formdata":[{"key":"indicador","value":"liquidez corriente","type":"text","enabled":true}]},"description":"Comparaci\u00f3n del indicador.\nUtilidad: Txt_affirmative, respuesta de alexa.","response":[]}}]},{"name":"APIs Web","description":"","item":[{"name":"Indicador respecto al mes V1.","request":{"url":"http:\/\/localhost\/indicadorMYv1\/{nombre}\/{mes}\/{anio}?name=doloremque&month=perspiciatis&year=voluptatem","method":"GET","header":[{"key":"Accept","value":"application\/json"}],"body":{"mode":"formdata","formdata":[{"key":"nombreIndicador","value":"et","type":"text","enabled":true},{"key":"mes","value":"unde","type":"text","enabled":true},{"key":"a\u00f1o","value":2,"type":"text","enabled":true}]},"description":"Versi\u00f3n 1, permite ver la pagina sin cumplir la validaci\u00f3n del token ni tiempo l\u00edmite de visualizaci\u00f3n.","response":[]}},{"name":"Indicador respecto al a\u00f1o V1.","request":{"url":"http:\/\/localhost\/indicadorYv1\/{nombre}\/{anio}?name=amet&year=maiores","method":"GET","header":[{"key":"Accept","value":"application\/json"}],"body":{"mode":"formdata","formdata":[{"key":"nombreIndicador","value":"quam","type":"text","enabled":true},{"key":"a\u00f1o","value":8,"type":"text","enabled":true}]},"description":"Versi\u00f3n 1, permite ver la pagina sin cumplir la validaci\u00f3n del token ni tiempo l\u00edmite de visualizaci\u00f3n.","response":[]}},{"name":"Indicador por mes.","request":{"url":"http:\/\/localhost\/indicadorMY\/{nombre}\/{mes}\/{anio}\/{token}?name=liquidez+corriente&month=agosto&year=2019&token=fTUsnJgJgOBx%2BUcV9um73t2ImqqOLctq4HT7Eh%2B0Z0Q0rhTHzlmxdsjXMGNj8PNV574UFBfZ0Z5woBTWA8G6ulvDmC9OhwmxvhvOQuUUxCmA9RYOCeiRScnpKB4agATj","method":"GET","header":[{"key":"Accept","value":"application\/json"}],"body":{"mode":"formdata","formdata":[{"key":"nombreIndicador","value":"liquidez corriente","type":"text","enabled":true},{"key":"mes","value":"agosto","type":"text","enabled":true},{"key":"a\u00f1o","value":2019,"type":"text","enabled":true},{"key":"token","value":"fTUsnJgJgOBx+UcV9um73t2ImqqOLctq4HT7Eh+0Z0Q0rhTHzlmxdsjXMGNj8PNV574UFBfZ0Z5woBTWA8G6ulvDmC9OhwmxvhvOQuUUxCmA9RYOCeiRScnpKB4agATj","type":"text","enabled":true}]},"description":"Datos del indicador respecto al mes y a\u00f1o.\nUtilidad: Visualizaci\u00f3n de la pagina respecto a los datos del Indicador y Mes","response":[]}},{"name":"Indicador por a\u00f1o.","request":{"url":"http:\/\/localhost\/indicadorY\/{nombre}\/{anio}\/{token}?name=rotacion+de+cartera&year=incidunt&token=fTUsnJgJgOBx%2BUcV9um73t2ImqqOLctq4HT7Eh%2B0Z0Q0rhTHzlmxdsjXMGNj8PNV574UFBfZ0Z5woBTWA8G6ulvDmC9OhwmxvhvOQuUUxCmA9RYOCeiRScnpKB4agATj","method":"GET","header":[{"key":"Accept","value":"application\/json"}],"body":{"mode":"formdata","formdata":[{"key":"nombreIndicador","value":"rotacion de cartera","type":"text","enabled":true},{"key":"a\u00f1o","value":2019,"type":"text","enabled":true},{"key":"token","value":"fTUsnJgJgOBx+UcV9um73t2ImqqOLctq4HT7Eh+0Z0Q0rhTHzlmxdsjXMGNj8PNV574UFBfZ0Z5woBTWA8G6ulvDmC9OhwmxvhvOQuUUxCmA9RYOCeiRScnpKB4agATj","type":"text","enabled":true}]},"description":"Datos del indicador respecto al a\u00f1o.\nUtilidad: Visualizaci\u00f3n de la pagina respecto a los datos del Indicador respecto al A\u00f1o.","response":[]}}]},{"name":"App M\u00f3vil","description":"","item":[{"name":"Token Update App.\n\nPOST token app m\u00f3vil. \nModificar el token en el campo app_user de la tabla al_user.","request":{"url":"http:\/\/localhost\/api\/alexa\/tokenUpdate?token=fwdst48uh7tc6s8yu8sadjA&idUser=1","method":"POST","header":[{"key":"Accept","value":"application\/json"}],"body":{"mode":"formdata","formdata":[{"key":"token","value":"lasd5678cjdez","type":"text","enabled":true},{"key":"idUser","value":1,"type":"text","enabled":true}]},"description":"","response":[]}},{"name":"Push Notifications.\nNotificaci\u00f3n del indicador en aplicaci\u00f3n m\u00f3vil.","request":{"url":"http:\/\/localhost\/push\/{token}?token=vel","method":"GET","header":[{"key":"Accept","value":"application\/json"}],"body":{"mode":"formdata","formdata":[{"key":"token","value":"aspernatur","type":"text","enabled":true}]},"description":"","response":[]}}]},{"name":"general","description":"","item":[{"name":"http:\/\/localhost\/_ignition\/health-check","request":{"url":"http:\/\/localhost\/_ignition\/health-check","method":"GET","header":[{"key":"Accept","value":"application\/json"}],"body":{"mode":"formdata","formdata":[]},"description":"","response":[]}},{"name":"http:\/\/localhost\/_ignition\/execute-solution","request":{"url":"http:\/\/localhost\/_ignition\/execute-solution","method":"POST","header":[{"key":"Accept","value":"application\/json"}],"body":{"mode":"formdata","formdata":[]},"description":"","response":[]}},{"name":"http:\/\/localhost\/_ignition\/share-report","request":{"url":"http:\/\/localhost\/_ignition\/share-report","method":"POST","header":[{"key":"Accept","value":"application\/json"}],"body":{"mode":"formdata","formdata":[]},"description":"","response":[]}},{"name":"http:\/\/localhost\/_ignition\/scripts\/{script}","request":{"url":"http:\/\/localhost\/_ignition\/scripts\/{script}","method":"GET","header":[{"key":"Accept","value":"application\/json"}],"body":{"mode":"formdata","formdata":[]},"description":"","response":[]}},{"name":"http:\/\/localhost\/_ignition\/styles\/{style}","request":{"url":"http:\/\/localhost\/_ignition\/styles\/{style}","method":"GET","header":[{"key":"Accept","value":"application\/json"}],"body":{"mode":"formdata","formdata":[]},"description":"","response":[]}}]}]}